{
  "project_info": {
    "project_number": "570001179199",
    "firebase_url": "https://app-inside.firebaseio.com",
    "project_id": "app-inside",
    "storage_bucket": "app-inside.appspot.com"
  },
  "client": [
    {
      "client_info": {
        "mobilesdk_app_id": "1:570001179199:android:1584452530daa53ddfee8a",
        "android_client_info": {
          "package_name": "com.ynov.inside"
        }
      },
      "oauth_client": [
        {
          "client_id": "570001179199-6mipk1epgk0cm5uc3284ojh5c322oam2.apps.googleusercontent.com",
          "client_type": 3
        }
      ],
      "api_key": [
        {
          "current_key": "AIzaSyCjt9JlrCfX8arMOYN-qGTFGAXGXKq7eqc"
        }
      ],
      "services": {
        "appinvite_service": {
          "other_platform_oauth_client": [
            {
              "client_id": "570001179199-6mipk1epgk0cm5uc3284ojh5c322oam2.apps.googleusercontent.com",
              "client_type": 3
            },
            {
              "client_id": "570001179199-9qiugv4qkh5iejvqv5b21q5hlnfjic3j.apps.googleusercontent.com",
              "client_type": 2,
              "ios_info": {
                "bundle_id": "com.ynov.inside"
              }
            }
          ]
        }
      }
    }
  ],
  "configuration_version": "1"
}